"YieldQuintile","YieldRange","AvgYield","YieldLoss","YieldLossPct","EarningsWithout","EarningsWith","HDDPayout","CDDPayout","TotalPayout","DerivativeCost","NetBenefit","NetPayoutVsCost","ROI"
1,"2.67 - 4.28",3.99065559268183,2.00934440731817,33.4890734553028,9953.27796340916,11231.1784457882,4187.93994373397,422.961275411487,4610.90121914545,3333.00073676638,1277.90048237907,1277.90048237907,38.3408400809078
2,"4.28 - 4.55",4.41935557166344,1.58064442833656,26.3440738056094,12096.7778583172,12658.9952691354,3399.59025881453,495.627888770092,3895.21814758462,3333.00073676638,562.217410818241,562.217410818241,16.8682054167109
3,"4.55 - 4.76",4.6514560118394,1.34854398816061,22.4757331360101,13257.280059197,13338.8061022733,2901.42092312018,513.105856722524,3414.5267798427,3333.00073676638,81.5260430763246,81.5260430763242,2.44602535418037
4,"4.76 - 4.98",4.86295444932413,1.13704555067587,18.9507591779312,14314.7722466206,13919.2108820666,2370.02421442467,567.415157787638,2937.4393722123,3333.00073676638,-395.561364554074,-395.561364554075,-11.8680251159453
5,"4.98 - 5.74",5.17043560323757,0.82956439676243,13.8260732793738,15852.1780161878,14619.8339166916,1502.27020149836,598.386435771782,2100.65663727015,3333.00073676638,-1232.34409949623,-1232.34409949623,-36.9740122137457
