"Stage","DurationDays","OptTempMin","OptTempMax","TempSensitivity","AvgTemp","MinTemp","MaxTemp","DaysOptimal","DaysAboveOpt","DaysBelowOpt"
"germination",15,10,20,0.5,5.41374327923908,-8.55088344716238,21.1454860077444,1.1247,0.000100000000000009,13.8752
"tillering",30,12,22,0.7,8.85721041578745,-5.80607165146591,25.6298012679515,5.4335,0.00350000000000004,24.563
"stem_extension",25,14,24,0.8,13.2744687911091,-3.47661058829478,29.7161757930284,10.4245,0.0249999999999999,14.5505
"heading",10,15,25,0.9,15.7878577714045,1.60052281351671,30.0627538462704,5.8791,0.0312000000000006,4.0897
"anthesis",7,16,24,1.5,16.8606435052282,3.82956101657181,31.6120348952145,4.0696,0.115399999999999,2.815
"grain_filling",30,15,25,1,18.5135933759874,1.68968462872768,33.4188134626327,24.8744,0.7697,4.3559
"maturation",15,18,28,0.6,19.6496341301601,6.33159657035708,34.2045518918794,10.2977,0.0861000000000003,4.6162
