"Stage","AvgTemp","OptRange","TempDeviation","Sensitivity","OptimalDays","NonOptimalDays","StressImpact"
"germination",5.41374327923908,"10 - 20",9.58625672076092,0.5,1.1247,13.8753,0.46251
"tillering",8.85721041578745,"12 - 22",8.14278958421255,0.7,5.4335,24.5665,0.573218333333333
"stem_extension",13.2744687911091,"14 - 24",5.72553120889089,0.8,10.4245,14.5755,0.466416
"heading",15.7878577714045,"15 - 25",4.21214222859552,0.9,5.8791,4.1209,0.370881
"anthesis",16.8606435052282,"16 - 24",3.13935649477177,1.5,4.0696,2.9304,0.627942857142857
"grain_filling",18.5135933759874,"15 - 25",1.48640662401258,1,24.8744,5.1256,0.170853333333333
"maturation",19.6496341301601,"18 - 28",3.35036586983987,0.6,10.2977,4.7023,0.188092
